uniq_subreddit,total_authors_in_posts,last_year_commented,number_of_months
leagueoflegends,201692,2019,29
SquaredCircle,111661,2019,45
DestinyTheGame,105841,2018,25
nba,104106,2019,45
anime,95410,2019,45
AmItheAsshole,88973,2019,13
movies,74840,2019,45
ffxiv,56733,2019,38
gameofthrones,52337,2019,13
NintendoSwitch,48403,2019,34
cars,47590,2019,37
TwoXChromosomes,46912,2019,39
tifu,43367,2019,44
Fitness,41826,2019,33
asoiaf,40682,2019,45
AskMen,40372,2019,45
unpopularopinion,39644,2019,4
Philippines,39332,2019,45
JUSTNOMIL,38989,2019,40
atheism,37396,2019,43
Eve,34312,2019,44
FireEmblemHeroes,33933,2019,30
nfl,33273,2019,45
childfree,33025,2019,38
books,31863,2019,45
pokemon,31348,2019,30
boardgames,29582,2019,29
hockey,28860,2019,45
fantasyfootball,28792,2019,27
CasualConversation,28664,2018,21
CFB,28399,2019,45
StarWars,27654,2019,16
TheSilphRoad,27167,2019,19
LifeProTips,27070,2019,34
changemyview,26894,2019,45
baseball,26767,2019,45
CryptoCurrency,26407,2019,20
AskWomen,24739,2019,45
history,23579,2019,45
television,22927,2019,45
FFBraveExvius,22460,2019,37
formula1,22281,2019,39
conspiracy,22142,2019,21
de,21586,2019,45
Competitiveoverwatch,21132,2019,37
EDH,20804,2019,19
SandersForPresident,20770,2019,13
Fantasy,20058,2019,37
army,19963,2019,45
survivor,19734,2019,28
patientgamers,19577,2019,45
dbz,19556,2019,33
OkCupid,19208,2019,38
france,19140,2019,45
fireemblem,18919,2019,36
hiphopheads,18663,2019,45
rupaulsdragrace,18334,2019,38
smashbros,18176,2019,10
Guildwars2,16717,2019,14
starcitizen,16565,2018,23
summonerswar,16518,2019,31
newzealand,16372,2019,43
apple,16276,2019,17
classicwow,16038,2019,21
canada,16035,2019,41
RWBY,15948,2019,45
Christianity,15939,2018,16
argentina,15907,2019,45
BigBrother,15817,2019,43
ethtrader,15708,2019,39
pcgaming,15707,2019,45
singapore,15584,2019,45
soccer,15359,2019,45
unitedkingdom,15191,2019,45
IAmA,15039,2019,45
Frugal,14985,2019,30
melbourne,14973,2019,29
Random_Acts_Of_Amazon,14942,2019,45
italy,14215,2019,39
FFRecordKeeper,14153,2019,34
AskEurope,13691,2019,42
OutOfTheLoop,13632,2019,33
Android,13592,2019,45
Gunners,13587,2019,45
makinghiphop,13525,2019,41
LiverpoolFC,13441,2019,45
Cricket,13407,2019,45
NASCAR,13388,2019,42
MMORPG,13387,2019,45
nintendo,13352,2019,44
thebachelor,13103,2019,39
FantasyPL,13085,2019,36
criticalrole,12825,2019,45
running,12820,2019,32
Pokemongiveaway,12653,2019,38
CasualUK,12593,2019,31
AskAnAmerican,12549,2019,45
grandorder,12526,2019,35
ukpolitics,12506,2019,44
tennis,12391,2019,38
